asn,probe_count
AS12322,76
AS3215,31
AS16276,29
AS5410,15
AS15557,12
AS12876,11
AS20473,5
AS8426,4
AS35540,4
AS30781,4
AS16347,3
AS199636,3
AS212815,3
AS16509,3
AS8560,3
AS46475,3
AS210403,3
AS212087,3
AS20766,2
AS29075,2
AS209428,2
AS50858,2
AS59689,2
AS47160,2
AS35353,2
AS199912,2
AS39421,2
AS47583,2
AS41745,2
AS44097,1
AS29169,1
AS62000,1
AS202422,1
AS34019,1
AS2486,1
AS20965,1
AS203476,1
AS29152,1
AS16552,1
AS24776,1
AS203596,1
AS48813,1
AS44788,1
AS5436,1
AS34659,1
AS57119,1
AS8399,1
AS200259,1
AS200271,1
AS41690,1
AS58308,1
AS35600,1
AS34749,1
AS41653,1
AS208789,1
AS34177,1
AS199571,1
AS2027,1
AS197696,1
AS51207,1
AS2200,1
AS44334,1
AS207642,1
AS207849,1
AS197500,1
AS57752,1
AS33930,1
AS201699,1
AS49920,1
AS20986,1
AS35661,1
AS205684,1
AS204092,1
AS8075,1
AS208871,1
AS60362,1
AS197133,1
AS21000,1
AS9009,1
AS52073,1
AS31898,1
AS213394,1
AS63949,1
AS397032,1
AS21247,1
AS210030,1
AS60491,1
AS52075,1
AS209815,1
AS207300,1
AS18854,1
AS216190,1
AS216155,1
AS206014,1
AS199275,1
AS203919,1
