facility_id,name,organization,address1,address2,city,postal_code,country,latitude,longitude,distance_to_paris_km,network_count,ix_count,asns,networks,internet_exchanges,website,status,source
5280,ETIX Paris #1,Etix Everywhere,78140,19-21 Rue Poissonnière,Paris,75002,FR,48.869599,2.347689,1.48,6,0,8218 | 8220 | 8309 | 29075 | 51269 | 51664,Bilendi Technology | Colt | Hexatom | IELO | Sipartech | Zayo Europe,,https://www.etixeverywhere.com,ok,PeeringDB
1869,NeoCenter Paris,Zayo Group,19/21 rue Poissonnière,,Paris,75002,FR,48.869629,2.347732,1.49,0,0,,,,http://www.neotelecoms.com,ok,PeeringDB
1782,Treefaz Jeûneurs,Treefaz,35 RUE DES JEÛNEURS,2E Arrondissement,Paris,75002,FR,48.869597,2.343833,1.57,18,0,13193 | 20766 | 29075 | 29608 | 34019 | 35077 | 35625 | 39180 | 44097 | 47866 | 48817 | 50628 | 200780 | 201080 | 201868 | 205344 | 207642 | 215596,Association Gitoyen | Clément Cavadore | Eurofiber France | Eurofiber France - Appliwave | Hivane | IELO | KISSGROUP SAS | LASOTEL | Leonix Telecom | Nerim | Netwo | OVEA | PRIZZ TELECOM | PROSOLUCE SAS | SCANI | Treefaz | Unixo | iBrowse SARL,,https://www.treefaz.fr/,ok,PeeringDB
54,Telehouse - Paris 1 (Jeûneurs),Telehouse - Global Data Centers,"38, rue des Jeûneurs",,Paris,75002,FR,48.869869,2.344236,1.59,18,2,174 | 1299 | 5405 | 6453 | 6461 | 6774 | 8220 | 8309 | 12322 | 13193 | 29075 | 29152 | 44000 | 48920 | 50087 | 57463 | 216265 | 219115,"Arelion (Twelve99) | Aristo Networks | BICS | Cogent Communications, Inc. | Colt | Decknet | Free SAS | IELO | Inter.link | Nerim | Net1C | NetIX Communications | Ouvanet | Sipartech | TATA Communications Ltd | Toile-Libre | Tropical Hosting | Zayo",Hopus | NetIX,http://www.telehouse.fr,ok,PeeringDB
13209,Sipartech Paris,Sipartech SAS,7 rue Auber,,Paris,75009,FR,48.871919,2.329879,2.36,0,0,,,,https://www.sipartech.com/sipartech-services-other-services/,ok,PeeringDB
53,Telehouse - Paris 2 (Voltaire - Léon Frot),Telehouse - Global Data Centers,137 Boulevard Voltaire,65 Rue Léon Frot,Paris,75011,FR,48.856654,2.38532,2.42,359,17,42 | 174 | 250 | 714 | 1273 | 1299 | 2027 | 2200 | 2486 | 2609 | 2906 | 2914 | 3215 | 3257 | 3303 | 3320 | 3491 | 4455 | 4601 | 5400 | 5405 | 5410 | 5511 | 6204 | 6453 | 6461 | 6661 | 6696 | 6738 | 6758 | 6762 | 6774 | 6775 | 6830 | 6939 | 7155 | 8075 | 8218 | 8220 | 8298 | 8302 | 8304 | 8309 | 8310 | 8368 | 8399 | 8426 | 8487 | 8554 | 8565 | 8784 | 8801 | 8839 | 8882 | 9002 | 9009 | 9036 | 11889 | 12322 | 12409 | 12727 | 12779 | 12826 | 12850 | 12876 | 12906 | 13030 | 13193 | 13335 | 14340 | 14537 | 15169 | 15401 | 15412 | 15557 | 15695 | 16080 | 16128 | 16189 | 16276 | 16347 | 16509 | 20189 | 20562 | 20565 | 20756 | 20766 | 20900 | 20917 | 20940 | 20969 | 21351 | 21409 | 22822 | 24482 | 24691 | 24904 | 24940 | 25091 | 25160 | 25540 | 28458 | 29075 | 29152 | 29215 | 29283 | 29286 | 29467 | 29513 | 29606 | 29608 | 30781 | 30889 | 30972 | 31167 | 31235 | 31500 | 31555 | 31564 | 31712 | 31898 | 32934 | 33353 | 33835 | 33891 | 33930 | 34019 | 34141 | 34177 | 34224 | 34659 | 34863 | 34993 | 35070 | 35077 | 35184 | 35217 | 35280 | 35283 | 35393 | 35600 | 35625 | 35676 | 36864 | 36868 | 36884 | 36924 | 37002 | 37054 | 37090 | 37451 | 37492 | 37529 | 37613 | 37649 | 37721 | 37722 | 39180 | 39305 | 39421 | 39444 | 39583 | 39605 | 39737 | 39781 | 39801 | 39886 | 39931 | 40138 | 41114 | 41157 | 41191 | 41652 | 41653 | 41690 | 42388 | 42456 | 42473 | 42487 | 42687 | 42845 | 42929 | 43142 | 43445 | 43531 | 43646 | 43858 | 43930 | 44000 | 44097 | 44141 | 44297 | 44334 | 44356 | 44407 | 44444 | 44448 | 44494 | 44530 | 44583 | 44788 | 44902 | 45430 | 45758 | 47127 | 47160 | 47239 | 47600 | 47608 | 47648 | 47866 | 47872 | 48072 | 48213 | 48252 | 48504 | 48732 | 48813 | 48817 | 48920 | 49028 | 49434 | 49544 | 49559 | 49594 | 49915 | 50087 | 50263 | 50446 | 50620 | 50624 | 50628 | 50796 | 50818 | 50858 | 50903 | 50952 | 51154 | 51269 | 51326 | 51630 | 52025 | 52075 | 54113 | 55943 | 56584 | 56665 | 56911 | 56987 | 57043 | 57119 | 57141 | 57179 | 57344 | 57463 | 57468 | 57581 | 57752 | 57809 | 57811 | 58011 | 58453 | 59842 | 60022 | 60032 | 60068 | 60132 | 60171 | 60456 | 61025 | 61205 | 62000 | 64289 | 137409 | 139341 | 196689 | 197033 | 197133 | 197551 | 197883 | 197922 | 197981 | 198034 | 198335 | 198423 | 198507 | 198545 | 198551 | 199088 | 199357 | 199396 | 199483 | 199660 | 199870 | 200780 | 200906 | 201080 | 201246 | 201292 | 201675 | 201808 | 201868 | 201896 | 202140 | 202753 | 202933 | 203547 | 204092 | 204902 | 205141 | 205344 | 205684 | 205698 | 206120 | 206310 | 206983 | 207324 | 207840 | 207910 | 207992 | 208627 | 208962 | 209049 | 209090 | 209255 | 209323 | 209428 | 209532 | 209559 | 209768 | 209823 | 210601 | 210732 | 210806 | 211113 | 211377 | 211733 | 211854 | 211882 | 212815 | 213753 | 213966 | 214326 | 215035 | 215234 | 215596 | 215724 | 215925 | 215955 | 216193 | 216265 | 216302 | 327708 | 327814 | 328107 | 328411 | 328965 | 329399 | 396986,"1-FR FREE | 1-IX EU | A-Systems | ABICOM | ACE CDN | ADRESEAU | AFR-IX Telecom | AGARIK | ALSATIS | ALTEASYSTEMS | AMEOS | ARYK | AS250.net | AS8882 | AVM-INFO | AZA TELECOM | Abaclouda | Acrib - Asolta - SHPV | Adeli | Advanced Wireless Network Co. Ltd.(IIG) | Afribone Mali | Airmont | Airtel Rwanda AS327708 | Akamai Direct Connect | Akamai Technologies | Alarig | Algathia | Alphalink | Altitude Infrastructure | Amazon.com | Andrexen | Anexia | Anexia CloudDNS | Apple Inc. | Aqua Ray | Aquilenet Paris | Arelion (Twelve99) | Aristo Networks | Arte France SA | Artefact - Artewan | Association Gitoyen | Association SamesWireless | Atlas IP | Axione | BDF | BICS | BSO | BT | BeTech Solution | Bedrock | Believe Digital | Blue Infra | Blue Networks Technologies | BlueGIX | Borwood | Bouygues Telecom ISP | Bouygues Telecom Pro KEYYO | Bretagne Telecom | ByteDance | CDN77 | CELESTE | CHEOPS TECHNOLOGY FRANCE S.A. | COCCA | Canal+ Telecom | China Mobile International | Claranet | Clever Network | Cloud Temple | Cloudata | Cloudflare | Clément Cavadore | Cogent Communications, Inc. | Colt | Comlink SAS | Congo Telecom | Continent 8 Technologies | Core-Backbone | Coriolis | Covage Networks | Criteo Europe | Cyllene | D-LAKE AS49028 | DAM64 | DIRECT INFO SERVICE | DOLPHIN TELECOMMUNICATION LIMITED | DRI | DSCW | DSTNY | DaKnObNET | Dailymotion | Dalenys | Datacampus | Decknet | Deltatre S.p.A. | Deutsche Telekom | Devclic | Diabolocom | Digicel AFG | Digicube sas | Digital Virgo France | ERA-IX Route Servers Paris | EVANN | Ecoband | Ecritel | Edgevana, Inc. | Edgio - AS22822 | Enix | Enki Multimedia | Epsilon | Ericsson Broadcast Services Netherlands | Eurofiber France | Eurofiber France - Appliwave | Eutelsat - Skylogic | Expereo International bv | F5 Inc. | FBW Networks | FLAG Telecom | FLEX NETWORK | FR-NIC-DNS-UNICAST (AFNIC > NIC-FR > Unicast DNS) | FTVDN | Fastly, Inc. | Feelb | Fiducial Cloud Network | Fink Telecom Services GmbH | Foliateam | Forcepoint Cloud | France-IX L3 Services | Free Pro | Free SAS | GLOBALGRID | GNM | GNM-IX Route Servers | GRIFON | GTT Communications (AS3257) | GUILAB | GVA | Geneanet | Gestor de Infraestructuras de Telecomunicaciones de Guinea Ecuatorial | Gigalis | Gigastream plc | Global Secure Layer | Google LLC | Groupe Convergence.com | Groupe La Poste France | Gulfsat Madagascar | HOSTKEY B.V. | Hetzner Online | Hexaglobe | Hexanet | Hexatom | Hivane | Hopus | Hub One SA | Hurricane Electric | Hyperion Cloud SAS | IC Telecom | ICODIA | IELO | IELO-B | IENTC Telecom Mexico | INFOMIL | INFORMATIQUE MAINTENANCE SERVICES SAS | IP-Max SA | IPTelecom | IPng Networks GmbH | ISOCEL SA | IT.Gate | IVANET-NYC | IX Reach | Iguane Solutions | Ikoula | Infosat Telecom | Init7 | Inter.link | InterCloud | InterEdge B.V. | InterIX | InterMeDiaSud | IzarLink | KISSGROUP SAS | KLEE | KOESIO NETWORKS | KOESIO NETWORKS (KIX) | KWAOO, K-NET | Kaldera | Kamatari Online | Kaminot | LASOTEL | LOGICEK | Leader Net Services | Leonix Telecom | Liberty Global | LimOps | Linkt | LuxNetwork | M247 Global | M6 Distribution Digital | MARITIK INFRAS | MCT | MDNET | MEDIACTIVE 24/7 | MEDIACTIVE NETWORK FR-EU | MEOWAN | MUONA | Macarne - AS64289 | Magic OnLine | Mappy | Megaport Global Access | Meta | Michcom Limited | Microsoft | MilkyWan | MixTelecom | Monaco Telecom | Montpellier Internet Telecom Datacenter | NAITWAYS SAS | NETWORTH TELECOM | NEXT2i | NOREST SERVICES | NORMHOST | NTT Global IP Network | NXO France WAN | Nameshield | Nerim | Net1C | NetIX Communications | Netalis | Neterra | Netflix | Netwo | Neuronnexion | Nextremum | OCTOGENCY | ODISO | OPT | OVEA | OVEA (Legacy) | OVHcloud | Open Peering | OpenIP | Oracle Cloud Infrastructure | Orange | Orange Business - La Fabrique | Orange France | Orange Tunisie | Orne THD | Outscale | Ouvanet | Owentis | PCCW Global | PCH AS42 | PEERES-TELECOM | PRIZZ TELECOM | PROSOLUCE SAS | PacWan | ParadoxNetworks Limited | Pertineo | Phibee Telecom | Post Group Luxembourg | Prime Telecom | Prosodie Cap Gemini | Proximus Luxembourg | Quantic Telecom | RENATER | RETN | REUNICABLE SAS | REVTELECOM | RUBIX DATACENTER | Redge Technologies | ResoLv SARL | Retelit S.p.A. (formerly Enter) | Rocket Fibre (AS8801) | Rogers Capital Technology Services | SAGA AFRICA | SCANI | SENSOTELECOM | SFR Group | SG.GS | SKIWEBCENTER | SOLUTIONS INFORMATIQUES SERVICES SAS | SONA | STELOGY | STREEEMING | Saclak Network | Salesforce.com | Sapinet | Scaleway | SdV | Serinya Telecom | Sewan SAS | Sipartech | Societe Atlantique de Telephonie et Communication SARL | Societe Cajutel Guinee | Sofia Connect | Sony Interactive Entertainment | Stolon | Strong Blue | Swisscom | TAS France | TATA Communications Ltd | TDF SASU | TELEMAQUE | TELMA | TELWAN | TRANSATEL EUROPE | TRINAPS | Techcrea Solutions | Telecom Italia Sparkle | Telehouse | Telfax Communications | Tiersbox | Togocom | Toile-Libre | TripleT Broadband(AIS|3BB) | Trustteam | Tunisie Telecom | UBIZWAN | Unixo | V-Com Openpath | VERIXI | VIA-NUMERICA | VPSVAULTHOST | Vedege | ViaSat | Vialis Colmar | Vialis Moselle | Virtual Technologies and Solutions | Vodafone Global Network | Vorboss Limited | W3TEL | WARIAN | WAXX AS205698 | WAXX AS206310 | Wana Corporate (AS36884) | Waycom International | Webaxys | WideVOIP - WhichWAN / Chmurtz SaRL | Wifirst | XIWO MOBILE | XIWO TECHNOLOGIES | ZET.NET | Zattoo | Zayo | Zayo Europe | Zoréole Group | adista - inherent | i3D.net | iBrowse SARL | in2ip | moji | moji-netrix edge network | nine Edge Cache | ops | pCloud | soliano | unyc | white2net | ★ CONNECT-IX | ★ Dyjix SAS",1-FR FREE | 1-IX EU | ERA-IX Paris | EURASIA-IX.NET | Equinix Paris | EuroRhine-IX | France-IX Paris | France-IX Paris Essentiel | GNM-IX | Global Peer Exchange | Hopus | INTERIX | NL-ix | NetIX | SFINX | nine | nine - six in Paris,http://www.telehouse.fr,ok,PeeringDB
1130,IMADIFF,IMA'DIFF,9-13 rue Damesme,,Paris,75013,FR,48.824719,2.355616,3.55,0,0,,,,http://www.imadiff.com,ok,PeeringDB
11498,Salamandre,IELO-LIAZO SERVICES SAS,3-4 RUE ALBERT MARQUET,20E Arrondissement,Paris,75020,FR,48.857754,2.404864,3.86,3,0,20766 | 29075 | 207324,Association Gitoyen | IELO | Tiersbox,,https://www.ielo.net/,ok,PeeringDB
14779,REDHEBERG SAS,REDHEBERG SAS,78 AV DES CHAMPS ELYSEES,,Paris,75008,FR,48.871625,2.304409,3.87,0,0,,,,https://redheberg.fr,ok,PeeringDB
4076,COLT DC Paris III,Colt Technology Services Group,60-62 Rue de Wattignies,,Paris,75012,FR,48.834809,2.397882,4.13,1,0,8220,Colt,,https://www.colt.net,ok,PeeringDB
17028,Smartdc Paris,Smartdc,28 rue Armand Carrel,,Montreuil,93100 Montreuil,FR,48.85207,2.417989,4.84,1,0,49544,i3D.net,,https://www.smartdc.net/data-centers/locations/paris/,ok,PeeringDB
4074,Templus DC Paris PAR01,TEMPLUS DATACENTERS,63 Boulevard Bessieres,,Paris,75017,FR,48.897248,2.322155,5.03,2,0,8220 | 13237,Colt | euNetworks Group,,https://templus.com/,ok,PeeringDB
10442,Aqua Ray Aurora,Aqua Ray,14 Rue Jules Vanzuppe,,Ivry-sur-Seine,94200,FR,48.820065,2.393685,5.07,3,0,41653 | 61025 | 208069,ATAXYA | Aqua Ray | COCCA,,https://www.aquaray.com,ok,PeeringDB
1599,OPCORE - DC4 / PAR4,OPCORE,58 BOULEVARD LEFEBVRE,,Paris,75015,FR,48.829578,2.295931,5.1,1,0,51335,NBS System,,https://www.opcore.com/,ok,PeeringDB
56,Digital Realty Paris PAR1,Digital Realty,45 Avenue Victor Hugo,Aubervilliers,Paris,93534,FR,48.902082,2.369496,5.21,35,1,174 | 1273 | 1299 | 2200 | 3257 | 4455 | 5511 | 6461 | 6774 | 6939 | 8218 | 8309 | 8487 | 12956 | 16128 | 20940 | 20965 | 21320 | 21351 | 25286 | 25818 | 29075 | 29152 | 30781 | 34177 | 36914 | 37002 | 39801 | 43531 | 43858 | 49690 | 199660 | 215035 | 215599 | 397032,"AGARIK | Akamai Technologies | Arelion (Twelve99) | BICS | BSO | CELESTE | CMC Networks | Canal+ Telecom | Cloudata | Cogent Communications, Inc. | Decknet | France-IX L3 Services | Free Pro | GEANT IAS | GEANT R&E | GTT Communications (AS3257) | Hurricane Electric | IELO | IX Reach | Ipercast | KENET | Orange | Phibee Telecom | RENATER | REUNICABLE SAS | SAINT-GOBAIN | SPARKED | Sipartech | Telxius Cable | Vodafone Global Network | Webaxys | Zayo | Zayo Europe | ★ CONNECT-IX | ★ ZKILLU",SFINX,https://www.interxion.com/,ok,PeeringDB
73,"Equinix PA5 - Paris, Victor Hugo","Equinix, Inc.",45 Avenue Victor Hugo,Aubervilliers,Paris,93534,FR,48.90407,2.369221,5.42,67,3,174 | 1299 | 3257 | 3920 | 5511 | 6204 | 6461 | 6696 | 8218 | 8220 | 8309 | 8368 | 11019 | 12322 | 13150 | 13360 | 18854 | 20189 | 20940 | 24776 | 25358 | 29075 | 29152 | 29215 | 29513 | 35184 | 35280 | 36236 | 39855 | 43646 | 44356 | 46475 | 47600 | 48504 | 50124 | 50858 | 51826 | 54103 | 58511 | 59877 | 60068 | 62000 | 63023 | 137409 | 154410 | 198402 | 198831 | 199524 | 200271 | 206014 | 210699 | 211615 | 212175 | 212504 | 212720 | 213382 | 213535 | 214271 | 214838 | 215035 | 215114 | 215359 | 215727 | 216075 | 216265 | 399486 | 400810,"AdKyNet SAS | Akamai Direct Connect | Akamai Technologies | Arelion (Twelve99) | Aristo Networks | BreezeHost.io | CDN77 | Cato Networks | Cogent Communications, Inc. | Colt | DSTNY | Decknet | EASIO-COM | Epsilon | F5 Inc. | FlowHardware | Foliateam | Free SAS | GTHost | GTT Communications (AS3257) | Gcore | Global Secure Layer | HAPROXY-TECHNOLOGIES | Holycloud | IC Telecom | ICONIC SERVERS | IELO | Iguane Solutions FR | Infoclip | Limestone Networks | MOD Mission Critical | Marshall Telecom | Mod Mission Critical AS39855 | NET2LAN | NR Consulting SAS | NS Worldwide SA | NetActuate | Netaris SAS | Novso | OSIOM AGENCY | OpenIP | Orange | PEERYX NETWORK SAS | PUSHPKT-OU | RUBIX DATACENTER | RadWeb, LLC | RdemSystems | SLBCLOUD | SOLUTIONS INFORMATIQUES SERVICES SAS | Sipartech | Stelia | Swoop | TDF SASU | Triton Digital | V-Com Openpath | VA telecom | VERIXI | Virtuo.Host (AS399486) | WEDEPLOY (INFRAWIRE.NET) | YOTTASRC | ZET.NET | Zayo | Zayo Europe | Zenyx | evroc | moji-netrix edge network | ★ CONNECT-IX",Equinix Paris | nine | nine - six in Paris,https://www.equinix.com/locations/france-colocation/paris-data-centers/pa5/,ok,PeeringDB
7226,nLighten Paris PAR2,nLighten HQ BV,34 rue des Gardinoux,,Aubervilliers,93300,FR,48.906734,2.367834,5.69,10,0,3257 | 29075 | 45014 | 48817 | 51664 | 63023 | 205684 | 211854 | 212783 | 216456,Algathia | Bilendi Technology | GTHost | GTT Communications (AS3257) | Gaetan Ferez | IELO | MEOWAN | PRIZZ TELECOM | dcent | nLighten,,https://www.nlighten.com/en/france-data-centers/paris-2/,ok,PeeringDB
75,Digital Realty Paris PAR2,Digital Realty,20 Rue des Gardinoux,Aubervilliers,Paris,93300,FR,48.906617,2.370417,5.72,53,1,174 | 1273 | 1299 | 3215 | 3257 | 3491 | 4455 | 5400 | 5410 | 5511 | 6661 | 6939 | 8218 | 8220 | 8309 | 8648 | 9002 | 12322 | 14340 | 15169 | 16128 | 20473 | 21351 | 29075 | 29457 | 30781 | 31688 | 32590 | 34177 | 37492 | 39583 | 39801 | 42201 | 43531 | 43646 | 44297 | 44407 | 48310 | 48813 | 51269 | 51468 | 54444 | 60427 | 62044 | 198545 | 203391 | 203547 | 206170 | 209323 | 215035 | 215599 | 397032 | 399728,"AGARIK | AS54444 s.r.o. | Arelion (Twelve99) | BSO | BT | Bouygues Telecom ISP | CELESTE | Canal+ Telecom | ClouDNS | Cogent Communications, Inc. | Colt | Enix | FLEX NETWORK | France-IX L3 Services | Free Pro | Free SAS | GTT Communications (AS3257) | Geneanet | Google LLC | Hexatom | Hurricane Electric | ICODIA | IELO | IMS Dynamics | IX Reach | Inleed | Linkt | NEXT2i | One.com | Options Technology LTD (Options IT) | Orange | Orange France | Orange Tunisie | P Foundation | PCCW Global | PVDataNet AB | Pertineo | Post Group Luxembourg | RETN | SPARKED | Salesforce.com | Sipartech | Splio | System-Net SAS | TDF SASU | The Constant Company | Valve Corporation | Vodafone Global Network | Zayo Europe | Zscaler AS62044 | one.com Group AB and its subsidiaries | ★ CONNECT-IX | ★ ZKILLU",France-IX Paris,https://www.digitalrealty.com/data-centers/paris/20-bis-rue-de-gardinoux-aubervilliers-paris-france,ok,PeeringDB
715,Digital Realty Paris PAR6,Digital Realty,11-15 Rue Galliee,Ivry sur Seine,Paris,94200,FR,48.815272,2.402842,5.9,13,0,174 | 8309 | 29075 | 34019 | 34177 | 35600 | 39583 | 39886 | 41653 | 48813 | 57119 | 209323 | 397032,"Aqua Ray | CELESTE | Cogent Communications, Inc. | Enix | Geneanet | Hivane | IELO | NAITWAYS SAS | Pertineo | SPARKED | STELOGY | Sipartech | Vedege",,https://www.digtialrealty.com,ok,PeeringDB
1097,TDF Datacenter Paris Fort de Romainville,TDF,1 Avenue de la Résistance,Fort de Romainville,Les Lilas,93260,FR,48.885231,2.422496,6.05,2,0,8309 | 43646,Sipartech | TDF SASU,,https://www.tdf.fr/,ok,PeeringDB
842,"Equinix PA6 - Paris, Condorcet","Equinix, Inc.",10 Rue Waldeck Rochet,Batiment 520,Paris,93300,FR,48.910255,2.368248,6.08,64,5,174 | 1301 | 3920 | 5511 | 6204 | 6696 | 8218 | 8220 | 8309 | 8399 | 8426 | 8681 | 10310 | 12826 | 16509 | 19679 | 24776 | 25117 | 25358 | 29075 | 29152 | 30781 | 33930 | 34863 | 35280 | 35426 | 39180 | 39781 | 41628 | 44356 | 47548 | 49121 | 49477 | 49584 | 50124 | 50263 | 52075 | 56987 | 59944 | 60032 | 60427 | 60584 | 62000 | 137409 | 139057 | 197033 | 198831 | 200271 | 201246 | 203537 | 205141 | 205344 | 206120 | 206342 | 210030 | 210433 | 212504 | 215035 | 215114 | 215359 | 215596 | 216239 | 216265 | 399486,"1-IX EU | ADAY | AVM-INFO | Abaclouda | AdKyNet SAS | Air Liquide IT | Alterway Makers | Amazon.com | Aristo Networks | Bouygues Telecom Business-Distribution | CNOM | Claranet | Cloud Temple | Cogent Communications, Inc. | Colt | Coriolis | Cyllene | Decknet | Diabolocom | Dropbox | EASIO-COM | EASYTEAM (ex DATAXION) | EDF Group | EdgeNext | Epsilon | F5 Inc. | FLOW LINE SAS | Free Pro | Global Secure Layer | Hexanet | Holycloud | IELO | IN8INITY | IN8INITY EU | Iguane Solutions FR | Infoclip | JT | KISSGROUP SAS | KOESIO NETWORKS | KOESIO NETWORKS (KIX) | LASOTEL | NR Consulting SAS | Nextmap | Novso | Orange | PRINTEMPS | PUSHPKT-OU | SABAONE | SLBCLOUD | Sewan SAS | Sipartech | System-Net SAS | Unixo | VERIXI | Virtuo.Host (AS399486) | Wifirst | XIWO TECHNOLOGIES | Yahoo | ZET.NET | Zayo Europe | eTF1 | moji-netrix edge network | ★ ANCELADE CLOUD | ★ CONNECT-IX",1-IX EU | Equinix Paris | France-IX Paris | nine | nine - six in Paris,https://www.equinix.com/locations/france-colocation/paris-data-centers/pa6/,ok,PeeringDB
412,MCI/Verizon Paris St Denis,"Verizon Communications, Inc.",14 rue de la montjoie,Saint Denis,Paris,93500,FR,48.911058,2.363056,6.11,3,0,250 | 8309 | 30889,AS250.net | Sipartech | Waycom International,,https://www22.verizon.com/wholesale/solutions/category/Data+Center+and+IT+Solutions.html,ok,PeeringDB
181,Global Switch Paris,Global Switch,7-9 rue petit,,Paris,92110,FR,48.899823,2.296095,6.32,31,0,174 | 714 | 1273 | 3257 | 5511 | 6461 | 8218 | 8220 | 8304 | 8309 | 8487 | 15169 | 16128 | 16276 | 20940 | 20986 | 29075 | 30781 | 30889 | 34177 | 35283 | 35625 | 39444 | 42962 | 49690 | 49915 | 50087 | 57581 | 197914 | 197981 | 200780,"AGARIK | Akamai Technologies | Apple Inc. | CELESTE | Cogent Communications, Inc. | Colt | CoreLink Global | EASYTEAM | Ecritel | Ecritel - Defcon | Eurofiber France | Eurofiber France - Appliwave | Free Pro | GTT Communications (AS3257) | Google LLC | IELO | InterCloud | Megaport Global Access | NETWORTH TELECOM | OVHcloud | Orange | Ouvanet | Owentis | Phibee Telecom | SAINT-GOBAIN | STREEEMING | Sipartech | Vodafone Global Network | Waycom International | Zayo | Zayo Europe",,https://www.globalswitch.com/locations/paris,ok,PeeringDB
6883,Magic OnLine,Magic OnLine,134 Avenue du Président Wilson,,Montreuil,93100,FR,48.855088,2.439301,6.37,0,0,,,,https://www.magic.fr/location-de-baie/,ok,PeeringDB
714,Digital Realty Paris PAR5,Digital Realty,11-13 Avenue des Arts et Metiers,Saint Denis,Paris,93200,FR,48.914183,2.362402,6.45,67,2,174 | 714 | 1299 | 5400 | 5511 | 6758 | 8069 | 8075 | 8218 | 8220 | 8304 | 8309 | 8426 | 8487 | 8560 | 8723 | 12322 | 16347 | 20565 | 20940 | 21351 | 22697 | 23764 | 25369 | 29075 | 30781 | 30889 | 30972 | 34177 | 35625 | 37649 | 37693 | 39104 | 39801 | 44334 | 45102 | 47127 | 49915 | 49920 | 50858 | 55256 | 57119 | 57811 | 57928 | 60068 | 197033 | 197205 | 197981 | 198335 | 199483 | 202140 | 202673 | 202827 | 203391 | 203537 | 206120 | 212948 | 213382 | 213941 | 213971 | 215035 | 215599 | 215764 | 216302 | 394674 | 395092 | 397032,"1000mercis | Akamai Technologies | Alibaba | Apple Inc. | Arelion (Twelve99) | BT | Bedrock | CDN77 | CELESTE | CTGNet | Canal+ Telecom | Claranet | ClouDNS | Cogent Communications, Inc. | Colt | DIRECT INFO SERVICE | EXAGROUP | Ecritel | Eurofiber France | FAL GROUP | Flowbird | France-IX L3 Services | Free Pro | Free SAS | Hydra Communications Ltd (EU) | IELO | IONOS SE | Integra | InterCloud | KOESIO NETWORKS | KOESIO NETWORKS (KIX) | Kaminot | M6 Distribution Digital | Megaport Global Access | Microsoft | Microsoft AS8069 | Monaco Telecom | NAITWAYS SAS | NIRVANET | NVHCloud | NXO France WAN | Netalis | Netskope | OXEVA | Ohz Digital SL | Ooredoo Tunisia | Orange | PEERYX NETWORK SAS | Phibee Telecom | Prodware | ROBLOX | Redge Technologies | SABAONE | SAGA AFRICA | SOLUTIONS INFORMATIQUES SERVICES SAS | SPARKED | Shock Hosting | Sipartech | TELEMAQUE | TRANSATEL EUROPE | Tecurian | Waycom International | Zayo Europe | adista - inherent | v4Guard | ★ CONNECT-IX | ★ ZKILLU",Association HwHost | France-IX Paris,https://www.digitalrealty.com/data-centers/paris/11-13-avenue-des-arts-et-metiers-saint-denis-paris-france,ok,PeeringDB
498,Digital Realty Paris PAR3,Digital Realty,7-9 Avenue des Arts et Métiers,Saint Denis,Paris,93200,FR,48.914726,2.362398,6.51,18,0,174 | 5511 | 6204 | 8220 | 8304 | 8309 | 20565 | 25428 | 29075 | 29286 | 34177 | 35393 | 39801 | 55256 | 198607 | 215035 | 215599 | 397032,"CELESTE | Cogent Communications, Inc. | Colruyt Group Services | Colt | Ecritel | Eutelsat - Skylogic | France-IX L3 Services | HaloAgency | IELO | Magic OnLine | Netalis | Netskope | Orange | SPARKED | Sipartech | ZET.NET | ★ CONNECT-IX | ★ ZKILLU",,https://www.digitalrealty.com/data-centers/paris/7-9-avenue-des-arts-et-metiers-saint-denis-paris-france,ok,PeeringDB
1244,"Equinix PA4 - Paris, Pantin","Equinix, Inc.","Boulevard General Leclerc, 160",Pantin,Paris,93500,FR,48.901133,2.412643,6.64,54,3,174 | 1301 | 4637 | 5511 | 6204 | 6461 | 6507 | 6696 | 8075 | 8218 | 8220 | 8309 | 8487 | 13193 | 15422 | 15580 | 20900 | 25117 | 25358 | 29075 | 34177 | 35280 | 35717 | 36351 | 39104 | 39351 | 42845 | 44356 | 44527 | 47160 | 47600 | 49584 | 50124 | 50624 | 51852 | 53589 | 57976 | 60132 | 62000 | 62856 | 137409 | 197133 | 197981 | 198831 | 200271 | 202276 | 206014 | 206795 | 211113 | 215035 | 215114 | 215359 | 215596 | 216265,"31173 Services | Allianz Technology | Aristo Networks | BDF | Blizzard Entertainment | Bouygues Telecom Business-Distribution | Bretagne Telecom | CELESTE | Cogent Communications, Inc. | Colt | DOCAPOST | Docusign | EASIO-COM | EASYTEAM (ex DATAXION) | EDF Group | Epsilon | F5 Inc. | Global Secure Layer | Holycloud | IELO | Iguane Solutions FR | InterCloud | InterMeDiaSud | KISSGROUP SAS | Kappalys | L'Odyssee Interactive Jeuxvideo.com | MEDIACTIVE NETWORK FR-EU | Microsoft | NR Consulting SAS | Nerim | Novso | OXEVA | Orange | Outscale | PPR | Phase Layer Global Networks | Phibee Telecom | PlanetHoster | RUBIX DATACENTER | RdemSystems | Riot Games | SLBCLOUD | Sipartech | SoftLayer Technologies, Inc. (an IBM Company) | Telstra (International) | VERIXI | ZET.NET | Zayo | Zayo Europe | Zoréole Group | iboss Europe | moji | moji-netrix edge network | ★ CONNECT-IX",Equinix Paris | nine | nine - six in Paris,https://www.equinix.com/locations/france-colocation/paris-data-centers/pa4/,ok,PeeringDB
306,"Equinix PA2 - Paris, Saint-Denis","Equinix, Inc.","Rue Ambroise Croizat, 114",Saint-Denis,Paris,93200,FR,48.927166,2.350664,7.85,151,5,174 | 714 | 1299 | 1828 | 2635 | 2914 | 3257 | 3920 | 4455 | 5410 | 5511 | 6204 | 6424 | 6453 | 6461 | 6696 | 6718 | 6774 | 6939 | 8218 | 8220 | 8309 | 8368 | 8426 | 8487 | 9002 | 9009 | 9036 | 11179 | 12826 | 12956 | 13335 | 15412 | 15422 | 16347 | 21859 | 24429 | 24482 | 25358 | 25540 | 29075 | 29152 | 29283 | 29467 | 29606 | 29608 | 30081 | 30781 | 30889 | 31167 | 31564 | 32261 | 34019 | 34177 | 35085 | 35217 | 35280 | 35283 | 35393 | 35600 | 35665 | 36351 | 36692 | 36924 | 37451 | 39421 | 39444 | 39855 | 39886 | 39931 | 43445 | 43531 | 44000 | 44097 | 44356 | 44407 | 44494 | 44902 | 47160 | 47548 | 47600 | 47608 | 47631 | 47841 | 48305 | 48504 | 48817 | 48920 | 49191 | 49434 | 49544 | 49594 | 49915 | 50124 | 50309 | 50894 | 50903 | 51335 | 51826 | 52075 | 52580 | 53589 | 54103 | 54994 | 55222 | 56504 | 56665 | 57068 | 57179 | 57463 | 57752 | 57809 | 57855 | 58011 | 60132 | 60350 | 60456 | 60532 | 62000 | 62597 | 137409 | 141383 | 197133 | 197696 | 197981 | 198034 | 198335 | 198545 | 198831 | 199483 | 200077 | 200271 | 200322 | 200780 | 201080 | 201376 | 201896 | 201939 | 202089 | 202140 | 203596 | 205483 | 209815 | 212504 | 215035 | 215114 | 215359 | 215596 | 215955 | 216265 | 399486,"ACORSO Network | ALTAREA MANAGEMENT | ALTEASYSTEMS | ARCADIZ TELECOM | AdKyNet SAS | Alibaba Cloud CDN | Alphalink | Altitude Infrastructure | Apple Inc. | Arelion (Twelve99) | Aristo Networks | Arkadin | Arte France SA | Aryaka Networks | Automattic | AuvernIX Route Exchange | Axione | Aylo | Azion Technologies | BICS | BSO | Backbone and Communications | Borwood | Bouygues Telecom ISP | CELESTE | CHEOPS TECHNOLOGY FRANCE S.A. | CacheFly | Celya AS203596 | Cisco Umbrella | Claranet | Cloudflare | Clément Cavadore | Cogent Communications, Inc. | Colt | Congo Telecom | Covage Networks | Cyllene | DIRECT INFO SERVICE | DSTNY | Decknet | EASIO-COM | EDGOO NETWORKS | Epsilon | Eurofiber France - Appliwave | Evolix | F5 Inc. | FBW Networks | FLAG Telecom | FLEX NETWORK | FLOW LINE SAS | Free Pro | GTT Communications (AS3257) | GVA | Gigalis | Global Secure Layer | Hexaglobe | Hivane | Holycloud | HostCircle AS56504 | Hub One SA | Hurricane Electric | IELO | IELO-B | IPTelecom | IX Reach | Iguane Solutions FR | InterCloud | KINDRED FRANCE | KISSGROUP SAS | KPMG | Koesio Corporate Technologies | Linkt | LuxNetwork | M247 Global | MEDIACTIVE 24/7 | MEDIACTIVE NETWORK FR-EU | MOD Mission Critical | Magic OnLine | Megaport Global Access | Mod Mission Critical AS39855 | NAV Communications | NBS System | NETWORTH TELECOM | NORMHOST | NR Consulting SAS | NSONE | NTT Global IP Network | NXO France WAN | Net1C | NetIX Communications | Netensia | Neuronnexion | Noraina | Novso | OVEA | OVEA (Legacy) | OpenIP | Orange | Owentis | Oxalide | PPR | PRIZZ TELECOM | PUSHPKT-OU | Phibee Telecom | PlanetHoster | Proximus Luxembourg | RETN | REVTELECOM | RUBIX DATACENTER | SCANI | SENSOTELECOM | SG.GS | SIPCOM | SLBCLOUD | SOFTERIUM AS49191 | STELOGY | Sapinet | Sipartech | SoftLayer Technologies, Inc. (an IBM Company) | Subspace | TATA Communications Ltd | TRANSATEL EUROPE | TRINAPS | Telxius Cable | Toile-Libre | UNIMEDIA SERVICES SAS | Unitas Global | VERGE CLOUD PRIVATE LIMITED | VERIXI | VIA-NUMERICA | Vedege | Veepee (former VENTE-PRIVEE.COM) | Virtuo.Host (AS399486) | Watchever Group | Waycom International | Wifirst | XANKOM France | ZET.NET | Zayo | Zayo Europe | Zenlayer Edge Cloud Network - AS21859 | Zoréole Group | adista - inherent | evroc | i3D.net | meteversecloud | moji | moji-netrix edge network | networksu | unyc | ★ CONNECT-IX",Equinix Paris | Hopus | NetIX | nine | nine - six in Paris,https://www.equinix.com/locations/france-colocation/paris-data-centers/pa2/,ok,PeeringDB
717,"Equinix PA3 - Paris, Saint-Denis","Equinix, Inc.","Rue Ambroise Croizat, 114",Saint-Denis,Paris,93200,FR,48.927166,2.350664,7.85,130,4,174 | 1273 | 1299 | 2914 | 3257 | 3320 | 3920 | 4455 | 5511 | 6204 | 6461 | 6696 | 6762 | 8304 | 8309 | 8368 | 8680 | 9009 | 12008 | 12322 | 12956 | 13193 | 13273 | 15557 | 15580 | 16276 | 16509 | 16552 | 18978 | 19551 | 20326 | 20756 | 20766 | 20917 | 20986 | 25358 | 29075 | 29152 | 29169 | 29246 | 29283 | 29467 | 30058 | 30781 | 30889 | 31564 | 32934 | 33047 | 33353 | 34019 | 34177 | 34659 | 35077 | 35280 | 35426 | 35600 | 35625 | 35793 | 39072 | 39180 | 39421 | 40214 | 41157 | 42687 | 43445 | 43531 | 43858 | 44097 | 44356 | 44494 | 44530 | 44994 | 45102 | 47160 | 47600 | 47841 | 47957 | 48504 | 49028 | 50124 | 50144 | 50489 | 50624 | 50628 | 50858 | 51335 | 56665 | 58453 | 59877 | 59944 | 60032 | 60240 | 60362 | 62000 | 136907 | 137409 | 196773 | 197653 | 197914 | 197981 | 198831 | 199571 | 200271 | 200780 | 202140 | 203062 | 203596 | 204092 | 204902 | 205555 | 205845 | 206002 | 206014 | 206120 | 206610 | 206660 | 207324 | 207910 | 209090 | 210601 | 212504 | 215035 | 215114 | 215359 | 215596 | 215955 | 216265 | 219062 | 395717 | 399486,"ADAY | ALTEASYSTEMS | Acronis EMEA | AdKyNet SAS | Alcatraz Information Security | Alexandre Roux | Alibaba | Allianz Technology | Alter Way - OPS | Amazon.com | Arelion (Twelve99) | Aristo Networks | Arte France SA | Association Gitoyen | Axess OWS | BSO | Bouygues Telecom Pro KEYYO | CELESTE | Celya AS203596 | China Mobile International | Clément Cavadore | Cogent Communications, Inc. | Coriolis | D-LAKE AS49028 | DAM64 | DIRECT INFO SERVICE | DSTNY | Decknet | Deutsche Telekom | DigiCert DNS | EASIO-COM | EASTER-EGGS | EASYTEAM | Ecritel | Ecritel - Defcon | Enzu Inc. | Epsilon | Eurofiber France | Eurofiber France - Appliwave | F5 Inc. | FDCServers.Net | Fiducial Cloud Network | Free Pro | Free SAS | GRIFON | GTT Communications (AS3257) | Gandi | Global Secure Layer | Groq | Hexaglobe | Hivane | Holycloud | Hopus | Huawei Cloud Global | Hub One SA | IELO | IPeva | IX Reach | Iguane Solutions FR | Ingenico Solutions and Transaction Services | Instart Logic | InterCloud | IzarLink | KISSGROUP SAS | KOESIO NETWORKS (KIX) | LASOTEL | Leonix Telecom | LuxNetwork | Lynqo | M247 Global | MARITIK INFRAS | Meta | Mixvoip AS206610 | NBS System | NR Consulting SAS | NTT Global IP Network | Nameshield | Nera | Nerim | Netwo | Nextmap | Novso | OVHcloud | OpenIP | Optilian | Orange | Ori Global Edge | Outscale | Oxalide | PLANISWARE EUROPE | PUSHPKT-OU | Proximus Luxembourg | RUBIX DATACENTER | RdemSystems | SFR Group | SLBCLOUD | SOLUTIONS INFORMATIQUES SERVICES SAS | Sapinet | Scalair SAS | Sipartech | Sony Interactive Entertainment | Stolon | Sure Guernsey Ltd | Telecom Italia Sparkle | Telxius Cable | Teraswitch Inc | Thales/Imperva | Tiersbox | UNIMATRIX-AS | UltraDNS | VA telecom | VERIXI | VIA-NUMERICA | VIAPASS | VSC Technologies | Vedege | Virtuo.Host (AS399486) | Vodafone Global Network | Wasabi Technologies | Waycom International | Webaxys | ZET.NET | Zayo | alwaysdata | moji | moji-netrix edge network | nine Edge Cache | soliano | sphere-telecom | ★ CONNECT-IX",Equinix Paris | Hopus | nine | nine - six in Paris,https://www.equinix.com/locations/france-colocation/paris-data-centers/pa3/,ok,PeeringDB
1010,Reliance St. Denis,FLAG Telecom,114 Rue Ambroise Croizat,Saint Denis,Paris,93200,FR,48.927166,2.350664,7.85,0,0,,,,http://www.relianceidc.com/HTML/index.html,ok,PeeringDB
14220,"Equinix PA10 - Paris, Saint-Denis","Equinix, Inc.",114 Rue Ambroise Croizat,Saint Denis,Paris,93200,FR,48.92817,2.352084,7.96,18,3,5400 | 6204 | 25358 | 30058 | 30103 | 32934 | 34863 | 50124 | 54113 | 56665 | 137409 | 205845 | 212504 | 215035 | 215114 | 215596 | 216265 | 396986,"AdKyNet SAS | Aristo Networks | BT | ByteDance | EASIO-COM | FDCServers.Net | Fastly, Inc. | Global Secure Layer | Hexanet | KISSGROUP SAS | Meta | Novso | PLANISWARE EUROPE | Proximus Luxembourg | SLBCLOUD | ZET.NET | Zoom Communications, Inc. | ★ CONNECT-IX",Equinix Paris | nine | nine - six in Paris,https://www.equinix.com/data-centers/europe-colocation/france-colocation/paris-data-centers/pa10,ok,PeeringDB
856,Ad Valem Technologies - France (Saint-Denis),Ad Valem Technologies,6 boulevard de la libération,,Saint-Denis,93200,FR,48.927915,2.341221,7.97,2,0,8309 | 48528,Ad Valem Technologies | Sipartech,,http://www.advalem.fr,ok,PeeringDB
655,OPCORE - DC2 / PAR2,OPCORE,29 RUE ÉDITH CAVELL,,Vitry-sur-Seine,94400,FR,48.794768,2.411851,8.14,44,4,2027 | 5511 | 8218 | 8309 | 13273 | 16080 | 16101 | 21247 | 29075 | 29152 | 30781 | 31688 | 34019 | 35600 | 35661 | 39605 | 44097 | 44583 | 47160 | 47866 | 48817 | 48920 | 49763 | 50628 | 52075 | 53636 | 57068 | 57811 | 58308 | 59689 | 59842 | 62000 | 62119 | 197133 | 197981 | 199586 | 200780 | 201896 | 203391 | 205801 | 212321 | 213045 | 213432 | 215035,Aevoo | Alex Delporte | Alter Way - OPS | Andrexen | Believe Digital | ClouDNS | Clément Cavadore | Code40 | Cusae | Dalenys | Decknet | Eurofiber France - Appliwave | Free Pro | Hivane | IELO | IP SYNERGIES | Iguane Solutions | InterCloud | Leboncoin | Leonix Telecom | MA2T | MEDIACTIVE 24/7 | MEDIACTIVE NETWORK FR-EU | MilkyWan | ORDIPAT | Orange | PC A LA CARTE | PRIZZ TELECOM | Redge Technologies | Sipartech | Splio | Synalabs | Toile-Libre | VIRTUASYS.EU | Vedege | Watchever Group | Wifirst | Xerio | Zayo Europe | iBrowse SARL | moji | moji-netrix edge network | root.fr | ★ CONNECT-IX,France-IX Paris | Hopus | nine | nine - six in Paris,https://www.opcore.com/,ok,PeeringDB
1536,Digital Realty Paris PAR7,Digital Realty,3 Rue Râteau,La Courneuve,Paris,93120,FR,48.924907,2.403,8.45,19,0,174 | 5511 | 7155 | 8220 | 8309 | 8723 | 12826 | 15169 | 20940 | 29075 | 33930 | 41690 | 43930 | 44444 | 47833 | 55256 | 200356 | 200449 | 397032,"AGORA CALYCE | Akamai Technologies | Cloud Temple | Cogent Communications, Inc. | Colt | Cyllene | Dailymotion | FTVDN | Forcepoint Cloud | Google LLC | IELO | Iguane Solutions PAR8 | Integra | Netskope | Orange | Qrator Labs | SPARKED | Sipartech | ViaSat",,https://www.interxion.com/,ok,PeeringDB
14445,Digital Realty Paris PAR8,Digital Realty,2 av marcel cachin,,La Courneuve,93120,FR,48.928564,2.397279,8.65,6,0,5511 | 20940 | 47583 | 49028 | 197883 | 200356,Akamai Technologies | D-LAKE AS49028 | Hostinger International | Iguane Solutions PAR8 | Orange | Serinya Telecom,,https://www.digitalrealty.fr/data-centers/emea/paris/par8,ok,PeeringDB
72,"Equinix PA7 - Paris, Energy Park","Equinix, Inc.",130-136 Boulevard de Verdun,Energy Park 9,Paris,92413,FR,48.904891,2.259202,8.66,54,2,174 | 1299 | 3257 | 6461 | 6939 | 8218 | 8304 | 8309 | 8399 | 8426 | 8560 | 8565 | 9153 | 16080 | 16128 | 16189 | 21409 | 24776 | 25358 | 29075 | 29152 | 29215 | 30781 | 33891 | 34019 | 34177 | 35070 | 35280 | 39104 | 39781 | 41628 | 49915 | 49920 | 50124 | 50796 | 51269 | 51826 | 54994 | 55195 | 56987 | 60427 | 62000 | 197205 | 197981 | 198831 | 205555 | 206120 | 206342 | 212504 | 215035 | 215114 | 215359 | 215596 | 216239,"1000mercis | AGARIK | Abaclouda | AdKyNet SAS | Air Liquide IT | Alterway Makers | Arelion (Twelve99) | BlueGIX | Burstfire Networks Ltd | CELESTE | CIRA-CLOUD1 | Claranet | Clever Network | Cogent Communications, Inc. | Core-Backbone | Dalenys | Decknet | Diabolocom | Digital Virgo France | EASIO-COM | Ecritel | F5 Inc. | Flowbird | Free Pro | GTT Communications (AS3257) | Hexatom | Hivane | Holycloud | Hurricane Electric | IELO | IONOS SE | Ikoula | Infoclip | InterCloud | KISSGROUP SAS | KLEE | KOESIO NETWORKS (KIX) | Megaport Global Access | NR Consulting SAS | Novso | OXEVA | PRINTEMPS | SLBCLOUD | Sewan SAS | Sipartech | System-Net SAS | V-Com Openpath | VSC Technologies | Zayo | Zayo Europe | evroc | meteversecloud | moji-netrix edge network | ★ CONNECT-IX",Equinix Paris | France-IX Paris,https://www.equinix.com/locations/france-colocation/paris-data-centers/pa7/,ok,PeeringDB
55,UltraEdge Paris - Courbevoie,UltraEdge,124 Boulevard de Verdun,,Paris,92400,FR,48.903746,2.257694,8.67,41,1,174 | 1273 | 1299 | 3257 | 6453 | 6762 | 6774 | 8218 | 8220 | 8309 | 8565 | 8784 | 8839 | 11889 | 12322 | 13193 | 13208 | 15169 | 15557 | 16128 | 16363 | 20917 | 20940 | 25428 | 25540 | 29075 | 29152 | 30781 | 30889 | 33779 | 35184 | 39180 | 39886 | 44297 | 44530 | 48504 | 48920 | 49584 | 49915 | 200780 | 206120,"AGARIK | Akamai Technologies | Alphalink | Arelion (Twelve99) | Axialys | BICS | BlueGIX | Cogent Communications, Inc. | Colruyt Group Services | Colt | Decknet | EASYTEAM (ex DATAXION) | Eurofiber France - Appliwave | Fiducial Cloud Network | Free Pro | Free SAS | GTT Communications (AS3257) | Google LLC | Hopus | IC Telecom | ICODIA | IELO | IVANET-NYC | KOESIO NETWORKS (KIX) | LASOTEL | Megaport Global Access | Nerim | Newtel | OpenIP | Prosodie Cap Gemini | SFR Group | STELOGY | SdV | Sipartech | TATA Communications Ltd | Telecom Italia Sparkle | Toile-Libre | Vodafone Global Network | Wataniya Telecom Algerie | Waycom International | Zayo Europe",Hopus,https://www.ultraedge.com,ok,PeeringDB
1200,Completel Val de Reuil,Completel SAS,"Tour Ariane, 5 place de la Pyramide",La Défense,Paris,92088,FR,48.889321,2.243667,8.73,2,0,44407 | 57752,Linkt | NORMHOST,,http://www.completel.fr/,ok,PeeringDB
8674,Groupe Cyllene - DC - Courbevoie,Cyllene SAS,9 RUE PAUL NAPOLÉON ROINARD,92400 Courbevoie,Courbevoie,92400,FR,48.897177,2.249377,8.77,2,0,12826 | 29075,Cyllene | IELO,,https://www.groupe-cyllene.com,ok,PeeringDB
2191,Telco Center,TelcoCenter,53 AVENUE DE L'EUROPE,,Courbevoie,92400,FR,48.90607,2.258464,8.79,12,0,8368 | 16347 | 25540 | 30889 | 35625 | 48504 | 49584 | 57141 | 197033 | 197036 | 200780 | 206120,Alphalink | DSTNY | EASYTEAM (ex DATAXION) | Eurofiber France | Eurofiber France - Appliwave | IPLine | KOESIO NETWORKS | KOESIO NETWORKS (KIX) | OpenIP | TELWAN | Waycom International | adista - inherent,,https://www.alphalink.fr/,ok,PeeringDB
15446,BB1,Sipartech SAS,150 rue Galliéni,,Boulogne-Billancourt,92100,FR,48.836333,2.235044,8.86,0,0,,,,https://www.sipartech.com/,ok,PeeringDB
1402,OPCORE - DC3 / PAR3,OPCORE,61 RUE JULIAN GRIMAU,,Vitry-sur-Seine,94400,FR,48.775278,2.379971,9.27,27,4,1299 | 3257 | 5511 | 6762 | 8218 | 8309 | 12322 | 12876 | 29075 | 34019 | 35600 | 39605 | 41690 | 44097 | 44530 | 47160 | 50628 | 57811 | 58308 | 59689 | 60350 | 62000 | 200748 | 200780 | 202140 | 206782 | 215035,Arelion (Twelve99) | Clément Cavadore | Code40 | Cusae | DIRECT INFO SERVICE | Dailymotion | Eurofiber France - Appliwave | Free SAS | GPLExpert | GTT Communications (AS3257) | Hivane | Hopus | IELO | Iguane Solutions | Leonix Telecom | Orange | Redge Technologies | Scaleway | Sipartech | Telecom Italia Sparkle | Vedege | Veepee (former VENTE-PRIVEE.COM) | Zayo Europe | grandorlyseinebievre | moji | moji-netrix edge network | ★ CONNECT-IX,France-IX Paris | Hopus | nine | nine - six in Paris,https://www.opcore.com/,ok,PeeringDB
723,Cogent Paris,"Cogent Communications, Inc.",77 boulevard de la République,,La Garenne Colombes,92250,FR,48.907073,2.241557,9.85,3,1,174 | 52025 | 215955,"ALTEASYSTEMS | Cogent Communications, Inc. | ParadoxNetworks Limited",Global Peer Exchange,http://www.cogentco.com/fr/network_datacenters.php,ok,PeeringDB
6112,moji1,moji,189 rue de Suresnes,,Nanterre,92000,FR,48.880773,2.21914,10.1,9,2,39421 | 47160 | 62443 | 203062 | 205413 | 207849 | 214390 | 215248 | 215296,215248 - Bastiaan Mathijs Brink | Alexandre Roux | DIGITALWEBWORKS | Gofile | LowPing NL | OpenGate | Sapinet | akwa.fr | moji,nine | nine - six in Paris,https://moji.fr,ok,PeeringDB
8673,Groupe Cyllene - DC - Nanterre,Cyllene SAS,93-105 RUE VEUVE LACROIX,92000 Nanterre,Nanterre,92000,FR,48.902913,2.229751,10.33,2,0,12826 | 29075,Cyllene | IELO,,https://www.groupe-cyllene.com/,ok,PeeringDB
112,Level(3) Paris (Le Capitole),Colt Technology Services Group,55 Avenue des Champs Pierreux,,Paris,92000,FR,48.887694,2.21513,10.6,11,0,8218 | 8309 | 29152 | 29608 | 35217 | 47160 | 47866 | 62000 | 199248 | 205344 | 206804,Decknet | EstNOC | NUMLOG | OVEA | OVEA (Legacy) | Sipartech | Unixo | Zayo Europe | iBrowse SARL | moji | moji-netrix edge network,,https://www.colt.net,ok,PeeringDB
7692,dc2scale Nanterre,dc2scale SAS,3 boulevard des bouvets,,Nanterre,92000,FR,48.897921,2.221522,10.6,0,0,,,,https://dc2scale.fr,ok,PeeringDB
6267,Green Data - Nanterre,GREEN DATA SAS,55 avenue des Champs Pierreux,,Nanterre,92000,FR,48.887283,2.214512,10.63,6,0,35625 | 48817 | 49584 | 51269 | 62000 | 198053,EASYTEAM (ex DATAXION) | Eurofiber France | Green Data | Hexatom | PRIZZ TELECOM | moji-netrix edge network,,https://greendata.fr,ok,PeeringDB
15257,MEDIACTIVE MN3,MEDIACTIVE GROUP,Rue Christophe Colomb,,Choisy-le-Roi,94600,FR,48.753211,2.416659,12.43,3,0,60132 | 197133 | 201896,MEDIACTIVE 24/7 | MEDIACTIVE NETWORK FR-EU | Zoréole Group,,https://mediactive-network.net,ok,PeeringDB
15394,dc2scale PAR4x (Meudon),dc2scale SAS,24 avenue du Maréchal Juin,,Meudon,92360,FR,48.786855,2.219393,12.44,1,0,212815,★ Dyjix SAS,,https://dc2scale.fr,ok,PeeringDB
14214,ETIX Paris #3,Etix Everywhere,16-18 Avenue de l'Europe,,Vélizy-Villacoublay,78140,FR,48.780725,2.217476,12.98,7,0,174 | 4455 | 8218 | 8220 | 8309 | 29075 | 199571,"BSO | Cogent Communications, Inc. | Colt | EASTER-EGGS | IELO | Sipartech | Zayo Europe",,http://www.etixeverywhere.com,ok,PeeringDB
231,Multicoms Paris (Velizy),MULTICOMS FACILITIES MANAGEMENT,6 Allée Latécoère,,Paris,78147,FR,48.785043,2.209917,13.11,1,0,29215,V-Com Openpath,,http://www.multicoms.net/content/view/12/58/,ok,PeeringDB
14392,dc2scale PAR3 (Vélizy-Villacoublay),dc2scale SAS,10 allée Latécoère,,Vélizy-Villacoublay,78140,FR,48.78425,2.209191,13.2,11,0,19879 | 29075 | 49434 | 52053 | 52073 | 57043 | 199415 | 212815 | 213599 | 215596 | 216117,Association CLIENTXCMS | FBW Networks | HOSTKEY B.V. | I2SNetwork | IELO | KISSGROUP SAS | Propel | REDHEBERG SAS | RHONET | YORKHOST | ★ Dyjix SAS,,https://dc2scale.fr,ok,PeeringDB
1931,Cloudata,Cloudata,1 Chemin du chene rond,,Bievres,91570,FR,48.769749,2.227899,13.27,0,0,,,,http://www.cloudata.fr,ok,PeeringDB
15492,dc2scale PAR5 (Vélizy-Villacoublay),dc2scale SAS,45 avenue de l'Europe,,Vélizy-Villacoublay,78140,FR,48.778615,2.214813,13.28,3,0,29075 | 49434 | 212815,FBW Networks | IELO | ★ Dyjix SAS,,https://dc2scale.fr,ok,PeeringDB
731,Cogent Velizy,"Cogent Communications, Inc.",16 rue Grange Damerose,,Vélizy-Villacoublay,78140,FR,48.783682,2.208055,13.31,9,1,174 | 20546 | 29075 | 49434 | 199248 | 212815 | 214432 | 215035 | 215955,"ALTEASYSTEMS | Cogent Communications, Inc. | FBW Networks | IELO | NUMLOG | SOPRADO GmbH | Zhilian Technology CO., LTD. | ★ CONNECT-IX | ★ Dyjix SAS",Global Peer Exchange,http://www.cogentco.com/fr/network_datacenters.php,ok,PeeringDB
8406,dc2scale PAR2 (Vélizy-Villacoublay),dc2scale SAS,16 rue Grange Dame Rose,,Vélizy-Villacoublay,78140,FR,48.783672,2.208056,13.31,21,0,2027 | 34019 | 35625 | 49434 | 52053 | 52073 | 197179 | 197676 | 199415 | 200056 | 200780 | 209428 | 211448 | 211615 | 211868 | 212815 | 212844 | 212895 | 215596 | 215727 | 216190,DSCW | Eurofiber France | Eurofiber France - Appliwave | FBW Networks | Hivane | I2SNetwork | INFRARINOX | KISSGROUP SAS | Matis GAGNEUX | MilkyWan | NODREX Cloud | NS Worldwide SA | Netaris SAS | OCASDEV | OCASDEV - AIPB44-AD | Quentin Dacquet | REDHEBERG SAS | ROUTE64.ORG | WEBCONEX | YORKHOST | ★ Dyjix SAS,,https://dc2scale.fr,ok,PeeringDB
9028,Dyjix,★ Dyjix SAS,16 RUE GRANGE DAME ROSE,78140 Vélizy-Villacoublay,Vélizy-Villacoublay,78140,FR,48.783672,2.208056,13.31,5,0,57080 | 200056 | 205021 | 211448 | 212815,INFRARINOX | Shiftek-Hosting | WEBCONEX | Yohan FRESNEAU | ★ Dyjix SAS,,https://dyjix.eu,ok,PeeringDB
52,UltraEdge Velizy,UltraEdge,6 Rue Nieuport,,Paris,78140,FR,48.782499,2.208747,13.35,0,0,,,,https://www.ultraedge.com,ok,PeeringDB
2741,MENGINE,MENGINE,"5, rue Jussieu",,Sartrouville,78500,FR,48.942653,2.184571,15.55,0,0,,,,http://www.mengine.fr,ok,PeeringDB
8528,Celeste Marilyn,Celeste SAS,20 Rue Albert Einstein,,Champs-sur-Marne,77420,FR,48.835224,2.587752,17.4,2,0,34177 | 200780,CELESTE | Eurofiber France - Appliwave,,https://www.marilyn-datacenter.com/,ok,PeeringDB
16963,nLighten Paris PAR3,nLighten HQ BV,12 Rue Vladimir Jankelevitch,,Paris,77184 Emerainville,FR,48.829265,2.587319,17.47,0,0,,,,https://www.nlighten.com/en/edge-location/paris-3/,ok,PeeringDB
229,"Equinix PA1 - Paris, Roissy","Equinix, Inc.","Rue de la Belle Etoile, 167",Paris Nord 2,Roissy-en-France,95948,FR,48.983691,2.507095,18.11,7,0,8218 | 8220 | 47841 | 58453 | 64476 | 140883 | 205483,China Mobile International | Colt | Hong Kong Zeyond Technology AS140883 | KPMG | Oxalide | Shadow EU | Zayo Europe,,https://www.equinix.com/locations/france-colocation/paris-data-centers/pa1/,ok,PeeringDB
13191,nLighten Paris PAR1,nLighten HQ BV,NEWTON A,3-5 mail Barthélémy Thimonnier,Lognes,77185,FR,48.839125,2.630371,20.45,2,0,47160 | 48817,PRIZZ TELECOM | moji,,https://www.nlighten.com/fr/france-centres-de-donnees/paris-1/,ok,PeeringDB
1785,Penta Infra Paris PAR01,Penta C.V.,93 Cours des Petites Ecuries,,Lognes,77185,FR,48.836897,2.641417,21.28,12,0,1828 | 8218 | 8309 | 8455 | 16347 | 29075 | 34766 | 35625 | 49915 | 200023 | 200780 | 215596,Eurofiber France | Eurofiber France - Appliwave | IELO | KISSGROUP SAS | Layer23 BV | Megaport Global Access | Qonnected | Sipartech | Unitas Global | Zayo Europe | adista - inherent | atom86,,https://penta-infra.com/data-centers/paris,ok,PeeringDB
821,Alionis VBO,Alionis,14 avenue du Québec,,Villebon-sur-Yvette,91140,FR,48.68827,2.212531,21.33,0,0,,,,http://www.alionis.net,ok,PeeringDB
5141,APPLIWAVE - CBO,Eurofiber France,3 rue des vieilles vignes,,Croissy Beaubourg,77183,FR,48.82287,2.641987,21.54,3,0,2027 | 200780 | 209815,ALTAREA MANAGEMENT | Eurofiber France - Appliwave | MilkyWan,,http://www.appliwave.com,ok,PeeringDB
15448,Digital Realty Paris PAR13,Digital Realty,14 rue de l'Orme à Moineaux,,Les Ulis,91940,FR,48.675347,2.203185,22.92,0,0,,,,https://www.digitalrealty.fr/data-centers/emea/paris/par13,ok,PeeringDB
8448,COLT DC Paris SouthWest,Colt Technology Services Group,"15, Avenue du Cap Horn, Les Ulis",,Paris,91940,FR,48.675525,2.197239,23.12,1,0,8220,Colt,,https://www.colt.net,ok,PeeringDB
4075,COLT DC Paris II,Colt Technology Services Group,"15 Avenue du Cap Horn, Les Ulis",,Paris,91940,FR,48.675058,2.195475,23.23,3,0,174 | 8220 | 34177,"CELESTE | Cogent Communications, Inc. | Colt",,https://www.colt.net,ok,PeeringDB
10647,DATA4 Paris Marcoussis PAR2,DATA4 s.a r.l,PARC D'ACTIVITES DE LA FONTAINE DE JOUVENCE,,Marcoussis,91460,FR,48.663145,2.212298,23.83,3,0,16347 | 29075 | 197981,IELO | InterCloud | adista - inherent,,https://www.data4group.com/data-center-paris-france/,ok,PeeringDB
636,Telehouse - Paris 3 (Magny),Telehouse - Global Data Centers,1 Rue Pablo Picasso,,Magny-les-Hameaux,78114,FR,48.726927,2.081473,24.52,50,4,174 | 2484 | 2485 | 3215 | 5405 | 8218 | 8304 | 8309 | 8426 | 10122 | 14537 | 16347 | 20565 | 20773 | 25540 | 29075 | 29104 | 30781 | 30889 | 33930 | 34019 | 34177 | 35600 | 36864 | 44097 | 44273 | 47957 | 48305 | 49915 | 50624 | 51326 | 57928 | 59842 | 60032 | 60132 | 62000 | 62044 | 198335 | 199116 | 199483 | 199660 | 199870 | 200653 | 205698 | 206310 | 212579 | 215035 | 215596 | 215955 | 216265,"AFNIC Offices | ALTEASYSTEMS | Afribone Mali | Alphalink | Aristo Networks | Believe Digital | CELESTE | Claranet | Cloud Temple | Cloudata | Clément Cavadore | Cogent Communications, Inc. | Continent 8 Technologies | Coriolis | ERA-IX Route Servers Paris | Ecritel | FR-NIC-DNS-ANYCAST (AFNIC > NIC-FR > Anycast DNS) | Free Pro | GoDaddy DNS | Hivane | Host Europe GmbH | IELO | IPEXIA | Ingenico Solutions and Transaction Services | Inter.link | KISSGROUP SAS | Megaport Global Access | NETSTAR | NXO France WAN | Netalis | Noraina | Orange France | Outscale | PROVECTIO | Prodware | REZEL | Sipartech | TRANSATEL EUROPE | Thales Services Numériques | Vedege | W3TEL | WAXX AS205698 | WAXX AS206310 | Waycom International | Zayo Europe | Zoréole Group | Zscaler AS62044 | adista - inherent | moji-netrix edge network | ★ CONNECT-IX",ERA-IX Paris | France-IX Paris | nine | nine - six in Paris,http://www.telehouse.fr,ok,PeeringDB
12780,Groupe Cyllene - DC - Montigny les Bretonneux,Cyllene SAS,8 AVENUE DES 3 PEUPLES,78180 Montigny-le-Bretonneux,Montigny-le-Bretonneux,78180,FR,48.774932,2.018664,26.06,2,0,12826 | 29075,Cyllene | IELO,,https://www.groupe-cyllene.com,ok,PeeringDB
7180,OPCORE - DC5 / PAR5,OPCORE,"25, AVENUE DE L'EGUILLETTE",ZI du Vert Galant,Saint-Ouen-l'Aumône,95310,FR,49.053744,2.137936,26.93,5,0,12322 | 12876 | 20940 | 29075 | 35625,Akamai Technologies | Eurofiber France | Free SAS | IELO | Scaleway,,https://www.opcore.com/,ok,PeeringDB
15447,Digital Realty Paris PAR12,Digital Realty,16 Avenue Joseph Froelicher,,Ferrières-en-Brie,77164,FR,48.823273,2.722201,27.33,1,0,7492,NEXON GLOBAL,,https://www.digitalrealty.fr/data-centers/emea/paris/par12,ok,PeeringDB
7775,Dataxion France DTX01,EASYTEAM (ex DATAXION),16 avenue Jean d'Alembert,,Trappes,78190,FR,48.796534,1.98491,27.7,1,0,49584,EASYTEAM (ex DATAXION),,https://www.dataxion-france.fr,ok,PeeringDB
