id,name,city,country,ix_id,fac_id,created,updated,status
62,Telehouse - Paris 2 (Voltaire - Léon Frot),Paris,FR,34,53,2010-07-29T00:00:00Z,2016-03-14T20:56:55Z,ok
281,Telehouse - Paris 2 (Voltaire - Léon Frot),Paris,FR,255,53,2010-07-29T00:00:00Z,2016-03-14T21:30:57Z,ok
314,Telehouse - Paris 2 (Voltaire - Léon Frot),Paris,FR,359,53,2010-07-29T00:00:00Z,2016-03-14T20:48:56Z,ok
616,Telehouse - Paris 2 (Voltaire - Léon Frot),Paris,FR,699,53,2013-12-19T00:00:00Z,2016-03-14T21:07:10Z,ok
1069,Telehouse - Paris 2 (Voltaire - Léon Frot),Paris,FR,64,53,2016-06-07T13:20:34Z,2016-06-07T13:20:34Z,ok
1171,Telehouse - Paris 2 (Voltaire - Léon Frot),Paris,FR,1320,53,2016-09-01T09:01:40Z,2016-09-01T09:01:40Z,ok
3955,Telehouse - Paris 2 (Voltaire - Léon Frot),Paris,FR,3476,53,2021-04-06T09:36:04Z,2021-04-06T09:36:04Z,ok
7010,Telehouse - Paris 2 (Voltaire - Léon Frot),Paris,FR,4705,53,2025-04-20T22:15:04Z,2025-04-20T22:15:04Z,ok
7263,Telehouse - Paris 2 (Voltaire - Léon Frot),Paris,FR,358,53,2025-09-08T11:22:01Z,2025-09-08T11:22:01Z,ok
7330,Telehouse - Paris 2 (Voltaire - Léon Frot),Paris,FR,4781,53,2025-10-24T16:02:51Z,2025-10-24T16:02:51Z,ok
7528,Telehouse - Paris 2 (Voltaire - Léon Frot),Paris,FR,3990,53,2026-03-02T06:26:27Z,2026-03-02T06:26:28Z,ok
7556,Telehouse - Paris 2 (Voltaire - Léon Frot),Paris,FR,4985,53,2026-03-20T12:13:35Z,2026-03-20T12:13:35Z,ok
7617,Telehouse - Paris 2 (Voltaire - Léon Frot),Paris,FR,4994,53,2026-04-09T12:23:38Z,2026-04-09T12:23:38Z,ok
7665,Telehouse - Paris 2 (Voltaire - Léon Frot),Paris,FR,4968,53,2026-05-11T08:11:32Z,2026-05-11T08:11:32Z,ok
7697,Telehouse - Paris 2 (Voltaire - Léon Frot),Paris,FR,5011,53,2026-05-26T23:05:18Z,2026-05-26T23:05:18Z,ok
7739,Telehouse - Paris 2 (Voltaire - Léon Frot),Paris,FR,5040,53,2026-07-06T16:02:21Z,2026-07-06T16:02:21Z,ok
7774,Telehouse - Paris 2 (Voltaire - Léon Frot),Paris,FR,3958,53,2026-07-24T09:56:50Z,2026-07-24T09:56:50Z,ok
1172,Telehouse - Paris 1 (Jeûneurs),Paris,FR,1320,54,2016-09-01T09:01:45Z,2016-09-01T09:01:45Z,ok
2185,Telehouse - Paris 1 (Jeûneurs),Paris,FR,699,54,2019-05-30T08:28:32Z,2019-05-30T08:28:32Z,ok
1997,UltraEdge Paris - Courbevoie,Paris,FR,1320,55,2019-03-07T21:06:28Z,2019-03-07T21:06:28Z,ok
63,Digital Realty Paris PAR1,Paris,FR,34,56,2010-07-29T00:00:00Z,2016-03-14T20:56:55Z,ok
317,"Equinix PA7 - Paris, Energy Park",Paris,FR,359,72,2010-07-29T00:00:00Z,2016-03-14T20:48:56Z,ok
4925,"Equinix PA7 - Paris, Energy Park",Paris,FR,255,72,2022-11-28T12:31:09Z,2022-11-28T12:31:09Z,ok
1282,"Equinix PA5 - Paris, Victor Hugo",Paris,FR,255,73,2016-11-07T18:03:10Z,2022-11-28T12:31:03Z,ok
7652,"Equinix PA5 - Paris, Victor Hugo",Paris,FR,4705,73,2026-05-04T22:51:49Z,2026-05-04T22:51:49Z,ok
7702,"Equinix PA5 - Paris, Victor Hugo",Paris,FR,5011,73,2026-05-26T23:05:59Z,2026-05-26T23:05:59Z,ok
318,Digital Realty Paris PAR2,Paris,FR,359,75,2010-07-29T00:00:00Z,2016-03-14T20:48:56Z,ok
282,"Equinix PA2 - Paris, Saint-Denis",Paris,FR,255,306,2010-07-29T00:00:00Z,2016-03-14T21:30:57Z,ok
1174,"Equinix PA2 - Paris, Saint-Denis",Paris,FR,1320,306,2016-09-01T09:02:15Z,2016-09-01T09:02:16Z,ok
2129,"Equinix PA2 - Paris, Saint-Denis",Paris,FR,699,306,2019-05-30T08:11:16Z,2019-05-30T08:11:16Z,ok
7011,"Equinix PA2 - Paris, Saint-Denis",Paris,FR,4705,306,2025-04-20T22:15:13Z,2025-04-20T22:15:14Z,ok
7704,"Equinix PA2 - Paris, Saint-Denis",Paris,FR,5011,306,2026-05-26T23:06:17Z,2026-05-26T23:06:17Z,ok
827,OPCORE - DC2 / PAR2,Vitry-sur-Seine,FR,359,655,2015-06-06T00:00:00Z,2016-03-14T20:38:22Z,ok
1176,OPCORE - DC2 / PAR2,Vitry-sur-Seine,FR,1320,655,2016-09-01T09:02:33Z,2016-09-01T09:02:33Z,ok
7660,OPCORE - DC2 / PAR2,Vitry-sur-Seine,FR,4705,655,2026-05-04T22:55:34Z,2026-05-04T22:55:34Z,ok
7699,OPCORE - DC2 / PAR2,Vitry-sur-Seine,FR,5011,655,2026-05-26T23:05:38Z,2026-05-26T23:05:38Z,ok
319,Digital Realty Paris PAR5,Paris,FR,359,714,2010-07-29T00:00:00Z,2016-03-14T20:48:56Z,ok
5778,Digital Realty Paris PAR5,Paris,FR,4461,714,2024-05-10T15:50:12Z,2024-05-10T15:50:12Z,ok
351,"Equinix PA3 - Paris, Saint-Denis",Paris,FR,255,717,2010-10-01T00:00:00Z,2018-02-13T16:27:35Z,ok
1173,"Equinix PA3 - Paris, Saint-Denis",Paris,FR,1320,717,2016-09-01T09:02:05Z,2018-02-13T16:27:35Z,ok
7651,"Equinix PA3 - Paris, Saint-Denis",Paris,FR,4705,717,2026-05-04T22:51:42Z,2026-05-04T22:51:42Z,ok
7696,"Equinix PA3 - Paris, Saint-Denis",Paris,FR,5011,717,2026-05-26T23:04:29Z,2026-05-26T23:04:29Z,ok
3981,Cogent Paris,La Garenne Colombes,FR,3476,723,2021-04-06T09:44:29Z,2021-04-06T09:44:29Z,ok
1283,"Equinix PA6 - Paris, Condorcet",Paris,FR,255,842,2016-11-07T18:03:30Z,2018-02-13T16:21:40Z,ok
1321,"Equinix PA6 - Paris, Condorcet",Paris,FR,359,842,2017-01-27T11:18:25Z,2018-02-13T16:21:40Z,ok
6491,"Equinix PA6 - Paris, Condorcet",Paris,FR,3958,842,2024-11-13T20:15:40Z,2024-11-13T20:15:40Z,ok
7653,"Equinix PA6 - Paris, Condorcet",Paris,FR,4705,842,2026-05-04T22:51:57Z,2026-05-04T22:51:57Z,ok
7703,"Equinix PA6 - Paris, Condorcet",Paris,FR,5011,842,2026-05-26T23:06:06Z,2026-05-26T23:06:06Z,ok
477,"Equinix PA4 - Paris, Pantin",Paris,FR,255,1244,2012-05-18T00:00:00Z,2018-02-13T16:25:08Z,ok
7655,"Equinix PA4 - Paris, Pantin",Paris,FR,4705,1244,2026-05-04T22:52:11Z,2026-05-04T22:52:11Z,ok
7701,"Equinix PA4 - Paris, Pantin",Paris,FR,5011,1244,2026-05-26T23:05:54Z,2026-05-26T23:05:54Z,ok
828,OPCORE - DC3 / PAR3,Vitry-sur-Seine,FR,359,1402,2015-06-06T00:00:00Z,2016-03-14T20:25:44Z,ok
1175,OPCORE - DC3 / PAR3,Vitry-sur-Seine,FR,1320,1402,2016-09-01T09:02:25Z,2016-09-01T09:02:25Z,ok
7012,OPCORE - DC3 / PAR3,Vitry-sur-Seine,FR,4705,1402,2025-04-20T22:15:47Z,2025-04-20T22:15:48Z,ok
7698,OPCORE - DC3 / PAR3,Vitry-sur-Seine,FR,5011,1402,2026-05-26T23:05:27Z,2026-05-26T23:05:27Z,ok
7013,moji1,Nanterre,FR,4705,6112,2025-04-20T22:17:10Z,2025-04-20T22:17:11Z,ok
7706,moji1,Nanterre,FR,5011,6112,2026-05-26T23:06:29Z,2026-05-26T23:06:29Z,ok
5399,"Equinix PA10 - Paris, Saint-Denis",Paris,FR,255,14220,2023-10-31T22:26:19Z,2023-10-31T22:26:19Z,ok
7654,"Equinix PA10 - Paris, Saint-Denis",Paris,FR,4705,14220,2026-05-04T22:52:06Z,2026-05-04T22:52:06Z,ok
7705,"Equinix PA10 - Paris, Saint-Denis",Paris,FR,5011,14220,2026-05-26T23:06:24Z,2026-05-26T23:06:24Z,ok
856,Telehouse - Paris 3 (Magny),Magny-les-Hameaux,FR,359,636,2015-08-31T00:00:00Z,2016-03-14T21:49:35Z,ok
7611,Telehouse - Paris 3 (Magny),Magny-les-Hameaux,FR,4985,636,2026-04-07T12:34:56Z,2026-04-07T12:34:56Z,ok
7676,Telehouse - Paris 3 (Magny),Magny-les-Hameaux,FR,4705,636,2026-05-22T07:41:26Z,2026-05-22T07:41:26Z,ok
7700,Telehouse - Paris 3 (Magny),Magny-les-Hameaux,FR,5011,636,2026-05-26T23:05:47Z,2026-05-26T23:05:47Z,ok
3982,Cogent Velizy,Vélizy-Villacoublay,FR,3476,731,2021-04-06T09:44:36Z,2021-04-06T09:44:36Z,ok
